{"_type":"export","__export_format":4,"__export_date":"2025-01-28T18:33:57.875Z","__export_source":"insomnia.desktop.app:v2022.7.5","resources":[{"_id":"req_b06272f7aa5148e78b097282bfa02d26","parentId":"wrk_92e863e4021049178340991bd9cdc9ef","modified":1738088196285,"created":1738087098972,"url":"127.0.0.1/api/livros/search","name":"pesquisa especifica","description":"","method":"GET","body":{"mimeType":"application/json","text":"{\n\t\"pesquisa\": \"João Alencar\",\n\t\"tipo_pesquisa\": \"autor\"\n}"},"parameters":[],"headers":[{"name":"Content-Type","value":"application/json"}],"authentication":{},"metaSortKey":-1738087098972,"isPrivate":false,"settingStoreCookies":true,"settingSendCookies":true,"settingDisableRenderRequestBody":false,"settingEncodeUrl":true,"settingRebuildPath":true,"settingFollowRedirects":"global","_type":"request"},{"_id":"wrk_92e863e4021049178340991bd9cdc9ef","parentId":null,"modified":1674483403822,"created":1674483403822,"name":"New Document","description":"","scope":"design","_type":"workspace"},{"_id":"req_3bb11926a03c4882b0e2ffac2479d241","parentId":"wrk_92e863e4021049178340991bd9cdc9ef","modified":1738084830115,"created":1738084054334,"url":"127.0.0.1/api/livros/delete/3","name":"deletar","description":"","method":"DELETE","body":{"mimeType":"application/json","text":""},"parameters":[],"headers":[{"name":"Content-Type","value":"application/json"}],"authentication":{},"metaSortKey":-1738084054334,"isPrivate":false,"settingStoreCookies":true,"settingSendCookies":true,"settingDisableRenderRequestBody":false,"settingEncodeUrl":true,"settingRebuildPath":true,"settingFollowRedirects":"global","_type":"request"},{"_id":"req_1268658b4a56471ca0259a7158ea8ad6","parentId":"wrk_92e863e4021049178340991bd9cdc9ef","modified":1738084816785,"created":1738083839965,"url":"127.0.0.1/api/livros","name":"atualizar","description":"","method":"PUT","body":{"mimeType":"application/json","text":"{\n\t\"id\": 3,\n\t\"titulo\": \"Diario de um banana Popular\"\n}"},"parameters":[],"headers":[{"name":"Content-Type","value":"application/json"}],"authentication":{},"metaSortKey":-1738083839965,"isPrivate":false,"settingStoreCookies":true,"settingSendCookies":true,"settingDisableRenderRequestBody":false,"settingEncodeUrl":true,"settingRebuildPath":true,"settingFollowRedirects":"global","_type":"request"},{"_id":"req_d28fe053e5624375a8da744bd8d56de7","parentId":"wrk_92e863e4021049178340991bd9cdc9ef","modified":1738084066790,"created":1738083282070,"url":"127.0.0.1/api/livros/find/3","name":"listar por id","description":"","method":"GET","body":{"mimeType":"application/json","text":""},"parameters":[],"headers":[{"name":"Content-Type","value":"application/json"}],"authentication":{},"metaSortKey":-1738083282070,"isPrivate":false,"settingStoreCookies":true,"settingSendCookies":true,"settingDisableRenderRequestBody":false,"settingEncodeUrl":true,"settingRebuildPath":true,"settingFollowRedirects":"global","_type":"request"},{"_id":"req_5935231a1897467dbc0511e0d4af535a","parentId":"wrk_92e863e4021049178340991bd9cdc9ef","modified":1738084380524,"created":1738081334298,"url":"127.0.0.1/api/livros","name":"Listar livros","description":"","method":"GET","body":{"mimeType":"application/json","text":""},"parameters":[],"headers":[{"name":"Content-Type","value":"application/json"}],"authentication":{},"metaSortKey":-1738081334298,"isPrivate":false,"settingStoreCookies":true,"settingSendCookies":true,"settingDisableRenderRequestBody":false,"settingEncodeUrl":true,"settingRebuildPath":true,"settingFollowRedirects":"global","_type":"request"},{"_id":"req_9ccbdfbe9c944428b58fcd62607e6c16","parentId":"wrk_92e863e4021049178340991bd9cdc9ef","modified":1738082987574,"created":1738081270687,"url":"127.0.0.1/api/livros","name":"cadastrar livro","description":"","method":"POST","body":{"mimeType":"application/json","text":"{\n\t\"titulo\": \"Como eu era antes de você\",\n  \"autor\": \"Lais Da Hora\",\n  \"ano_publicacao\": 2020,\n  \"genero\": \"Infato Juvenil\",\n  \"descricao\": \"Um livro que vai te fazer ficar emocionado\",\n  \"editora\": \"EUA express\",\n  \"isbn\": \"8922\",\n  \"selo_editorial\": \"2609\"\n}"},"parameters":[],"headers":[{"name":"Content-Type","value":"application/json"}],"authentication":{},"metaSortKey":-1738081270687,"isPrivate":false,"settingStoreCookies":true,"settingSendCookies":true,"settingDisableRenderRequestBody":false,"settingEncodeUrl":true,"settingRebuildPath":true,"settingFollowRedirects":"global","_type":"request"},{"_id":"req_bd856cf3aa444ebc8a6d0356fb1ae2a6","parentId":"wrk_92e863e4021049178340991bd9cdc9ef","modified":1738081269481,"created":1738073020223,"url":"127.0.0.1/api/tarefa/search","name":"pesquisar","description":"","method":"GET","body":{"mimeType":"application/json","text":"{\n\t\"nome\": \"Henrique\"\n}"},"parameters":[],"headers":[{"name":"Content-Type","value":"application/json"}],"authentication":{},"metaSortKey":-1738073020223,"isPrivate":false,"settingStoreCookies":true,"settingSendCookies":true,"settingDisableRenderRequestBody":false,"settingEncodeUrl":true,"settingRebuildPath":true,"settingFollowRedirects":"global","_type":"request"},{"_id":"req_517140fa50b04e098ecc61e0cf0326f5","parentId":"wrk_92e863e4021049178340991bd9cdc9ef","modified":1738081259025,"created":1738072610020,"url":"127.0.0.1/api/tarefa/delete/1","name":"deletar","description":"","method":"DELETE","body":{"mimeType":"application/json","text":""},"parameters":[],"headers":[{"name":"Content-Type","value":"application/json"}],"authentication":{},"metaSortKey":-1738072610020,"isPrivate":false,"settingStoreCookies":true,"settingSendCookies":true,"settingDisableRenderRequestBody":false,"settingEncodeUrl":true,"settingRebuildPath":true,"settingFollowRedirects":"global","_type":"request"},{"_id":"req_1a4a92cd559144d0b2380ca08091ddf9","parentId":"wrk_92e863e4021049178340991bd9cdc9ef","modified":1738081255522,"created":1738071191839,"url":"127.0.0.1/api/tarefa","name":"atualizar","description":"","method":"PUT","body":{"mimeType":"application/json","text":"{\n\t\"id\": 1,\n\t\"nome\": \"Henique\"\n}"},"parameters":[],"headers":[{"name":"Content-Type","value":"application/json"}],"authentication":{},"metaSortKey":-1738071191839,"isPrivate":false,"settingStoreCookies":true,"settingSendCookies":true,"settingDisableRenderRequestBody":false,"settingEncodeUrl":true,"settingRebuildPath":true,"settingFollowRedirects":"global","_type":"request"},{"_id":"req_25da631308234ac481a264670233e8d3","parentId":"wrk_92e863e4021049178340991bd9cdc9ef","modified":1738071315547,"created":1738071278399,"url":"127.0.0.1/api/tarefa/find/1","name":"show","description":"","method":"GET","body":{"mimeType":"application/json","text":""},"parameters":[],"headers":[{"name":"Content-Type","value":"application/json"}],"authentication":{},"metaSortKey":-1738070819203.5,"isPrivate":false,"settingStoreCookies":true,"settingSendCookies":true,"settingDisableRenderRequestBody":false,"settingEncodeUrl":true,"settingRebuildPath":true,"settingFollowRedirects":"global","_type":"request"},{"_id":"req_bc061bb7682247678c40d4deb818418c","parentId":"wrk_92e863e4021049178340991bd9cdc9ef","modified":1738070758567,"created":1738070446568,"url":"127.0.0.1/api/tarefa","name":"index","description":"","method":"GET","body":{"mimeType":"application/json","text":""},"parameters":[],"headers":[{"name":"Content-Type","value":"application/json"}],"authentication":{},"metaSortKey":-1738070446568,"isPrivate":false,"settingStoreCookies":true,"settingSendCookies":true,"settingDisableRenderRequestBody":false,"settingEncodeUrl":true,"settingRebuildPath":true,"settingFollowRedirects":"global","_type":"request"},{"_id":"req_643569000f7e46a8a79b33af5749b5a9","parentId":"wrk_92e863e4021049178340991bd9cdc9ef","modified":1738073148991,"created":1674483403831,"url":"127.0.0.1/api/tarefa","name":"store","description":"","method":"POST","body":{"mimeType":"application/json","text":"{\n\t\"nome\": \"Bruno\",\n\t\"data_hora\": \"2025-02-22 20:00:00\",\n\t\"descricao\": \"18 anos\"\n}"},"parameters":[],"headers":[{"name":"Content-Type","value":"application/json"}],"authentication":{},"metaSortKey":-1674483403831,"isPrivate":false,"settingStoreCookies":true,"settingSendCookies":true,"settingDisableRenderRequestBody":false,"settingEncodeUrl":true,"settingRebuildPath":true,"settingFollowRedirects":"global","_type":"request"},{"_id":"env_345c9bd1a2912c8ecdd515437a154274cef216ec","parentId":"wrk_92e863e4021049178340991bd9cdc9ef","modified":1674483403826,"created":1674483403826,"name":"Base Environment","data":{},"dataPropertyOrder":null,"color":null,"isPrivate":false,"metaSortKey":1674483403826,"_type":"environment"},{"_id":"jar_345c9bd1a2912c8ecdd515437a154274cef216ec","parentId":"wrk_92e863e4021049178340991bd9cdc9ef","modified":1674483403827,"created":1674483403827,"name":"Default Jar","cookies":[],"_type":"cookie_jar"},{"_id":"spc_3f78eb2013b94aaf81b3cf226fcc46ae","parentId":"wrk_92e863e4021049178340991bd9cdc9ef","modified":1738066722456,"created":1674483403822,"fileName":"New Document","contents":"","contentType":"yaml","_type":"api_spec"},{"_id":"uts_1380377451c2487d95e3939bbc8a822b","parentId":"wrk_92e863e4021049178340991bd9cdc9ef","modified":1674483403833,"created":1674483403833,"name":"Example Test Suite","_type":"unit_test_suite"}]}